,s_old,d_old,s_new,d_new,s_diff,d_diff
0,28.377679244872212,-0.01839421884675385,[8.02835485],[3.60694853],[17.51857079],[3.62534275]
